2014-12-27T09:50:06+0000,"Dir pers√∂nlich alles gute! -. . Und wirke positiv auf dein Umfeld ein. . Wer wei√ü, vielleicht. . .   (y) :)",
2015-01-25T07:50:37+0000,"Passt auf euch auf, wenn die Linksnazis&Gr√ºnfaschisten zuschlagen! ! ! ! K√∂ln ist in Gedanken bei euch! ! ! !",
2014-12-07T21:23:15+0000,Sei schlau stell dich dumm...,
2015-01-21T10:23:05+0000,"Das war diese linksextremistische antifa, die machen sich warm f√ºr heute Abend. Wenn ich daran denke, wird.mir ganz anders mit diesen Linksfaschisten",
2014-12-17T20:49:52+0000,immer mit der ruhe und nicht irre machen lassen.,
2015-01-13T13:33:12+0000,"so ist es, wenn die keiner kauft, haben die auch nichts mehr zu melden",
2015-01-07T21:14:52+0000,Das n√§chste Eigentor.,
2014-12-30T19:45:22+0000,http://crimethinc.com/books/work/iww.jpg,
2014-12-18T17:57:11+0000,"Der geistige Durchfall den ihr verbreitet.. Ist ja wohl l√§cherlich, dass ihr wirklich glaubt das Volk zu repr√§sentieren^^",
2015-01-06T17:45:02+0000,Ja ich finde auch Rostock sinnvoll und wichtig f√ºr die Sache.  Hoffentlich klappt es bald,
2015-01-24T22:09:00+0000,"Ach so und ich habe die "" Jewish Defense League"" und deren Kontakte zu PI- News im Internet nachgelesen.....mich w√ºrde allerdings interessieren, wen von den Redner bei Pegida du meinst..",
2014-12-27T22:50:15+0000,"Ach kiekste, hier versammelt sich die Hartz-IV-Elite des Abendlandes. Ein IQ wie 100 Meter Feldweg, aber Retter sein wollen. Kinderchen, geht noch etwas spazieren, aber Chancen hat die Pegida keine. Die Nation lacht √ºber Euch, Ihr seid die Witzfiguren des Jahres.",
2014-12-22T11:38:50+0000,"Murat, ich habe es auf keiner Pegida Veranstaltung erlebt, dass das Asylrecht f√ºr wirklich Verfolgte auch nur ansatzweise in Frage gestellt wurde. Wo siehst du denn, dass das gefordert w√ºrde?",
2015-01-13T00:09:34+0000,ich weis - mein echter Nachname ist ja auch Schlangen ,)
2015-01-01T17:52:38+0000,"Sehr geehrte Frau Huya, so wie Sie sich artikulieren, glaube ich Ihnen gerne dass Sie bei der ""Ausl√§nderbeh√∂rde"" arbeiten. Ich denke auch die Mitarbeiter der Beh√∂rde sind Ihnen sehr dankbar wenn sie morgens in Ihr B√ºro kommen und Sie zuvor den Boden gewischt haben und die Papierk√∂rbe geleert haben.",
2015-01-20T07:37:03+0000,Diese Nagelbombe ist aus muslimer Hand...,
2015-01-06T07:12:31+0000,Wo kommst Du denn her ?,
2015-01-04T19:13:32+0000,Nehmt als 20. Punkt am besten auch das Problem  TTIP mit in eure Forderungen auf!! Wenn das unterzeichnet wird ist das der Untergang der deutschen gesch√ºtzten Marken und anderen Sachen. Ich kann es mir nicht vorstellen eine Spreewald gurke aus Amerika zu essen...oder ein Radeberger aus Amerika. Dieses Freihandelsabkommen ist ...,
2015-01-22T10:19:51+0000,U dann m√∂chte man den Islamunterricht einf√ºhren???,
2015-01-15T21:55:01+0000,http://www.pi-news.net/2014/11/die-metamorphose-des-bilal-yusuf-mohammed-alias-franck-ribery/,
2015-01-15T11:09:29+0000,Ich nenne es staatsverrat...,
2015-01-15T07:16:52+0000,Tja wo er recht hat...,
2014-12-20T13:25:05+0000,"Also hat unsere Polizei keine Eier mehr, wie schlimm :(",
2015-01-15T18:56:52+0000,Diese Typen sind krank. Sie wissen nicht wie krank. Und RTL hoert sich das auch noch an.,
2015-01-14T18:20:42+0000,"00:30 auf RTL kannste dir es komplett ansehen und dann nochmal Posten, hab nur gerade einen Ausschnitt gesehen.",
2014-12-30T18:43:14+0000,http://www.bpb.de/politik/extremismus/rechtsextremismus/180916/gut-getarnt-oder-offener-menschenhass-wie-erkennt-man-neonazis-im-web-2-0,
2015-01-03T12:56:31+0000,Und diese 100.000 kommen am 5.01. nach Dresden :D,
2015-01-22T08:58:07+0000,Bis n√§chsten Mittwoch,
2015-01-26T18:15:17+0000,Wieviel Menschen passen denn auf den Markt? Weniger als auf den Augustusplatz ! Dort k√∂nnen sich dann die mit Bussen herrangekarrten Legidafeinde entfalten. Und die Zecken werden die Zug√§nge zum Markt versperren . Prima,
2015-01-06T08:52:11+0000,"Rebecca, mit dir kann und will niemand diskutieren. Mir z.B. gen√ºgen die ca. 10 Kommentare die ich las, um darauf zu verzichten ...... Ergo ist es v√∂llig okay, wenn sie gel√∂scht werden.",
2015-01-22T15:05:05+0000,Wird dar√ºber auch in den Medien gesprochen?,
2015-01-19T20:54:13+0000,Santino Gati Du Null du kriegst ne Schelle vom feinsten,
2015-01-18T22:28:29+0000,angeblich kam sie √ºber twitter...ein aufruf in deutsch und arabisch,
2015-01-06T15:45:23+0000,Du meintest doch die Linken GEGENDEMONSTRANTEN oder?! Die benehmen sich wirklich wie nazis tzzz üòÇ,
2015-01-06T11:04:53+0000,Facepalm,
2015-01-25T16:46:57+0000,"Warum nur sitzen in den Landtagen und im Bundestag so viele Personen aus dem √∂ffentlichen Dienst, Rechtsanw√§lte und Leute mit Doktor Titeln? Ein Teil von denen wurde nicht demokratisch gew√§hlt reden aber √ºber die Verteidigung der Demokratie. Deutschland hat 299 Wahlkreise aber mehr als 600 Bundestagsabgeordnete. Wie kann es sein, dass der ehemalige Justizminister und jetzige Finanzminister ein so hohes Amt bekleiden darf, obwohl er eine 100 000 DM Spendenaff√§re mit Steuerhinterziehung zu verantworten hat? Solche Leute ma√üen sich an andere wegen anderer Meinung an zu prangern. Haben Leute wie Pegida Anh√§nger kein Lebensrecht ind Deutschland? Aber angeblich politisch verfolgte werden hofiert und bestens bei uns versorgt. Diese sogenannten politisch verfolgten sind in deren Heimatl√§ndern Radikale und Terroristen. Die haten wir in den 70-ziger Jahren auch und was haben wir mit denen gemacht? Ich erinnere nur an Gudrun Enslin - Tochter eines hohen Beamten und Andreas Bader und, und.",
2014-12-12T02:58:04+0000,Der letzte Satz sagt alles √ºber dich.... üòÇüòÇüòÇ,
2015-01-25T09:52:09+0000,Ist doch sch√∂n das man sich ins gemachte Nest setzt.,
2015-01-26T08:27:55+0000,Steinmeier war noch nie ein ernstzunehmender Politiker,
2015-01-14T17:20:12+0000,Da w√ºrde ich konsequent sagen zum kind du gehst da nicht hin,
2015-01-15T17:20:36+0000,http://www.billionbibles.org/sharia/islam-expansion.html,
2014-12-20T17:23:18+0000,"wenn die zeit kommt, wo ich sehen kann, dass die stadtteile der deutschen, europ√§ischen gro√üst√§dte mit einem hohen ausl√§nderanteil nicht als soziale brennpunkte gelten, sondern als boomzentren und keimzellen f√ºr innovation und fortschritt im sozialen und wirtschaftlichen bereich, dann werde ich sagen: deutschland √∂ffne deine tore. heute kann ich noch die menschen verstehen, welche durch den zuzug von asylanten und kriegsfl√ºchtlingen um den sozialen verfall ihres stadtteils und der einschr√§nkung ihrer lebensqualit√§t f√ºrchten.",
2015-01-12T11:54:32+0000,Die Wahrheit tut nunmal weh...^^,
2015-01-06T08:47:28+0000,"H√∂rt doch mal auf, auf solche Fakes reinzufallen! Marcus Strauch ... 3 Freunde , das Profil ohne Historie ......",
2014-12-18T23:17:03+0000,Und google mal Sabatina James,
2014-12-15T23:41:13+0000,https://www.youtube.com/watch?v=tQ-QkvHz5sI  ES LANGT,
2015-01-25T17:08:57+0000,"schon erstaunlich, das 0,05 %,  oder weis ich wieviele, so eine politische Aufmerksamkeit erregen und so viele ""Bunte und Tolerante"" regelrecht freiderehen",
2015-01-26T18:47:49+0000,Biedermann singt von Pegida ! Wahre Helden :),
2014-12-29T18:40:58+0000,Sollte man jeden Tag im Fernsehen rauf und runter spielen um den Leuten mal zu zeigen mit was sich unsere Politiker schm√ºcken. Diese Chaoten sind Bundesweit bei jeder Gegendemo dabei ob Dresden oder M√ºnchen. F√ºr mich geh√∂ren die einfach weggesperrt!,
2015-01-12T19:18:48+0000,Nee.? Was'n da?,
2015-01-15T12:01:54+0000,"Jetzt kommen sie erst dahinter, ein Skandal ist das. So ist also f√ºr unsere Sicherheit gesorgt. Wann werden diese tickenden Zeitbomben endlich aus unserem Land entfernt??? Warum handeln die nicht sofort???",
2014-12-30T20:30:43+0000,Wir stehen 100% zu euch! Bitte besucht auch mal diese Gruppe... auch alles PEGIDA Anh√§nger https://www.facebook.com/profile.php?id=716349805115436...,
2015-01-20T11:41:02+0000,Das ist so nicht richtig . es werden Gespr√§che gef√ºhrt zwecks Sicherheit der Teilnehmer . ich bitte darum nicht immer gleich solche Sachen zu verbreiten . Pegida bleibt eine B√ºrgerbewegung und steht zu dem was wir fordern . am Montag geht es wieder weiter .,
2015-01-05T16:39:04+0000,Ich denke alle.,
2015-01-16T23:42:45+0000,üòÇüòÇüòÇüòÇ,
2015-01-18T23:10:32+0000,"Egal welche Meinung man inhaltlich hat, Spahn den besten Job in der Runde zu bescheinigen (wie es Focus tut) ist so was von absurd, das KANN nur eine bewusste L√ºge sein. So blind/bl√∂d kann niemand sein der bei Verstand ist.",
2014-12-30T09:36:43+0000,..deswegen schl√§gst du dich von vornerein auf die t√§terseite?,
2014-12-27T22:27:45+0000,"Nein Marc, das kann man nat√ºrlich nicht. - √úbrigens, jetzt sind es bereits √ºber 140 000  Unterzeichner, da kommen ja alle Stunde zehntausend dazu, na sowas! - Die haben wohl reale Muslime als Nachbarn - im Gegensatz zu sich abgeh√§ngt f√ºhlenden Pergiden, die dringend ein Feindbild brauchen.",
2015-01-12T19:24:40+0000,Cool auch ne M√∂glichkeit das Kleintieren !,
2015-01-14T07:54:51+0000,Die deppen,
2014-11-30T21:08:22+0000,Immer weg damit und nicht lange fackeln,
2015-01-06T14:37:02+0000,"Beim mdr arbeiten anscheinend nur ""Profis"".",
2014-12-16T05:08:41+0000,Gemeinsam sind wir STARK!,
2015-01-19T20:19:57+0000,"Stegner ??? War es der Gro√üvater der den Band "" Geschichte des Krieges "" schrieb ?????",
2015-01-25T08:51:06+0000,"Das ist zweifellos ein Verbrechen,Diana, aber kein Grund sich hier so aufzuf√ºhren und uns zu unterdr√ºcken mit Meinungsterror und schlimmeren.Ich und meine ganzen Bekannten und meine Familie sowie fast alle einfachen Menschen hben denen nichts getan imGegenteil sie d√ºrfen hier leben.Also bitte ja!",
2014-12-02T01:22:06+0000,"Ich bin stolz auf euch Dresdner , komme selber aus der Ecke ( Bautzen ). Lebe nun seit einigen Jahren in M√ºnchen und wenn es hier soweit ist,  bin ich sofort mit dabei.  Wenn also in M√ºnchen Hilfe gebraucht wird , dass mit zu organisieren , gerne an mich wenden.",
2015-01-16T02:18:33+0000,Die linken am besten auch gleich mit rausschmei√üen taugen ehe nichts,
2015-01-12T22:37:55+0000,"gab es jemals in ru√üland eine freie volksbefragung?jetzt fehlt nur noch die behauptung die altkanzler schr√∂der mal von sich gab,das putin ein lupenreiner demokrat sei.",
2015-01-15T11:24:15+0000,http://m.huffpost.com/de/entry/6458204?utm_source=facebook&utm_medium=social&utm_campaign=facebook-focus-online-politik&fbc=facebook-focus-online-politik&ts=201501151046,
2015-01-06T02:54:14+0000,"Traurig die Kommentare hier. 100.000 arme Seelen, mein Beileid an euch das ihr wie Lobotomisierte wirkt.",
2014-12-30T14:51:44+0000,super Kommentar solche Leute brauchen wir,
2015-01-20T13:28:41+0000,Da hat sich aber jemand M√ºhe gemacht .sch√∂ne Bilder! Guter Text!,
2015-01-12T22:00:12+0000,"Bitte lies das PEGIDA-Positionspapier. Integriert ist man erst, wenn man im Gastland z. B. eben NICHT klaut.",
2015-01-11T19:12:54+0000,Den wird's,
2015-01-05T13:41:16+0000,Viele Europaeische Patrioten Italiens sind mit Euch! Es lebe PEGIDA ! Viva PEGIDA !,
2015-01-09T12:18:01+0000,Ne gibt es nicht !,
2015-01-27T14:49:15+0000,"Wer lesen kann ist klar im Vorteil mein lieber Erich. Ich habe nicht geschrieben, dass Hitler deutscher War. Ich schreibe lediglich, dass in jedem Deutschen ein Hitler steckt ..",
2015-01-21T13:18:29+0000,Wenn es danach geht kannste √ºberall eingekesselt werden,
2015-01-11T18:12:44+0000,"3. Habe ich keine Deutsche beschimpft, sondern nur pegida anh√§nger die unzufrieden mit ihrem Leben sind und ihre Frust an uns Moslems rauslassen",
2014-12-21T19:03:04+0000,"Wir sind ein volk! Nichts gegen die ,die hier arbeiten und unsere Kultur anerkennen! Aber wir haben unsere eigenen Probleme! Die n√§chste wahl kommt liebe Politiker, denkt an die FDP! Wir haben die Macht, ihr macht nichts!",
2015-01-18T12:50:51+0000,"Ah, gerade bringt Focus die Eilmeldung alle Demos und Versammlungen w√§ren in Dresden verboten worden. Kommt im Moment rein",
2015-01-10T20:58:18+0000,Ich gebe nicht auf.Ich k√§mpfe f√ºr ein freies unabh√§ngiges Deutschland und Europa.Ohne Staatlich finanzierten Terrorismus ohne Hass und Gewalt.Wo man als Deutscher egal welcher Herrkunft und Religion wieder Stolz sein kann.Mit dieser Menschenverachtenden Politik muss schluss sein.Wir alle sind Deutsche und wir sollten daf√ºr k√§mpfen!Europa sollte daf√ºr k√§mpfen!,
2015-01-27T09:59:00+0000,"Ich bin froh das es Hermann gibt. Da sieht man ja, was f√ºr verkappte dumme Menschen es einfach gibt. Die haben keine Argumente, die haben einfach nur ne gro√üe Klappe... Lieber Hermann, sch√ºtte du einfach sch√∂n jeden Abend dein Bier in den Hals und mach andere f√ºr deine Probleme verantwortlich...",
2015-01-11T09:49:18+0000,"Die h√§ssliche Merkel war doch in Hamburg zu Besuch... Denk eher, dass die Antifa dahinter steckt... Denn, sowas is kein Zufall das die ferkel dort is u einen tag sp√§ter passiert sowas...",
2015-01-15T12:56:30+0000,Einsperren w√ºrde mir schon reichen... aber das passiert ja auch nicht.,
2014-12-12T14:28:47+0000,Es hat nichts mit Fremdenfeindlichkeit zu tun. Die Bewegung besteht nur aus besorgten B√ºrgern und ich habe ein Video aus einem amerikanischen Musical gepostet. Auf dem Papier ist alles in Ordnung oder? Die Menschen sind m√ºde davon? Lieber m√ºde Menschen als wieder Menschen in Gaskammern.,
2015-01-14T19:16:04+0000,"In der alten Grundschule meiner Tochter gibt es das schon. Schwein ist weg vom Menu, da ansonsten die muslimischen Kinder nicht aus der selben K√ºche essen w√ºrden.",
2015-01-20T19:50:26+0000,"Frag nicht nach Sonnenschein was die manchmal f√ºr Geldb√ºndel haben. Hier waren drei, die hatten sofort nach Ankunft nagelneue Notebooks vom media Markt f√ºr 750  ‚Ç¨ pro St√ºck und verlangten das ich mein Wi-Fi zur Verf√ºgung stelle.",
2015-01-21T09:41:49+0000,Das wird der Hammer wenn heute Abend in Leipzig 60.000 auf die Strasse gehena bekommt die L√ºgenpresse Probleme mit der Vertuschung,
2014-12-22T23:46:09+0000,"Auch Dir ein Frohes Fest, Su Si - P.S.: gekauft bin ich √ºbrigens nicht, und unwissend m√∂chte ich auch abstreiten ;-)",
2015-01-26T22:01:39+0000,Frankfurt.,
2015-01-07T15:05:52+0000,DIES IST KEIN SPIEL,
2015-01-13T12:20:50+0000,Genau wegen derartiger Arroganz und Gewaltverherrlichender √Ñu√üerungen verstehe ich jeden zivilisierten Europ√§er der Angst vorm Islam hat. Im √ºbrigen hat die Germanen kein R√∂mer besiegt aber Europa hat euch Barbaren schon einmal vor Wien in die Knie gezwungen.Leider nicht weit genug zur√ºck gedr√§ngt sonst w√ºrde das Gebiet der heutigen T√ºrkei  noch zu Griechenland  bzw Mazedonien geh√∂ren und somit zu Europa!!,
2014-12-22T22:53:30+0000,17.000 nicht √ºber 20.000  - mal sch√∂n bei der Wahrheit bleiben!,
2015-01-14T14:48:23+0000,"@Name    Was ist in unserer Gesellschaft h√∂herwertiger ? Das Grundgesetz Deutschlands oder der Koran und seine Regeln ? Bisher hat kein einziger Moslem mir diese Frage beantwortet und solange das so ist, habe ich Angst vor dem Islam.... Ach ja. Ich habe den Koran gelesen, auch die internetseiten der Islamverb√§nde, auf denen z.B. die Aussagen Erdogans, dass Gleichberechtigung unnat√ºrlich sei, best√§tigt werden. Wie sieht¬¥s mit Dir aus ? Hast Du Ahnung ?",
2015-01-24T11:10:17+0000,Das find ich eine gute Idee!!! :-),
2015-01-14T16:22:10+0000,"Wenn man inhaltlich nicht angreifen kann, muss man eben die Bildungskeule ausfahren...Die Leichen im Keller oder die Kommas im Satz..Die neue Art der Nazikeule... Mangelnde Rechtschreibung ein Versagen der Bildungspolitik oder des Menschen?",
2015-01-20T11:00:42+0000,"Was schreiben die da fuer wirres, krankes, dummes Zeug? :D",
2015-01-12T19:58:46+0000,"Siehste, auch deinetwegen gibt es PEGIDA",
2015-01-06T10:47:05+0000,Nicht original Wortlaut. Aber original Geschehnis...,
2014-12-18T17:23:02+0000,Die S√∂ldner der linken Dogmatiker und der Politmafia.,
2015-01-02T20:38:59+0000,"@Mustafa: Bei 80 Mio. Einwohner in der BRD, gibt es grade mal 5 Mio. Muslime! Unter diesen 5 Mio. Muslimen sind grade mal 10%, die ihre Religion ernst nehmen und danach leben. Hier geborene Muslime sind √ºberwiegend ""nur auf Papier""-Muslime! So wie meine Wenigkeit! Was w√§re anders, wenn es 20 Mio. Muslime in der BRD gibt? W√ºrden sich irgendwelche Gesetze √§ndern? Nein! W√ºrden christliche Feste oder Br√§uche wegfallen oder verboten werden? Nein! In einer Demokratie herrscht Religionsfreiheit und was noch wichtiger ist ""Laizismus""! Jeder √ºbt seine Religion nach belieben aus und der Staat mischt sich nicht ein (Obwohl die BRD sich nicht daran h√§lt aber das ist eine andere Geschichte). PEGIDA-Anh√§nger tun so als w√ºrden Muslime christliche Feste verbieten und Kirchen abreissen lassen, wenn sie die Mehrheitsgesellschaft stellen (bildlich gesprochen)! Welche Nachteile w√ºrden sich f√ºr die christliche Mehrheitsgesellschaft ergeben, wenn die Muslime 20 Mio. oder mehr in der BRD ausmachen?",
2015-01-25T17:50:43+0000,"Wenn ich in Sachsen Wohnen w√ºrde,w√§re ich dabei.Ihr seit Super.",
2015-01-26T21:52:00+0000,"Linke Chaoten, Gr√ºne/SPD und Co. - die sind intolerant - sieht man bei jeder Gegendemonstration !! K√∂nnen sich nur mit Gewalt und Beschimpfungen wehren - einfach nur armselig",
2015-01-03T15:59:58+0000,Und gute Idee √ºbrigens!,
2015-01-07T12:08:41+0000,"LEUTE, ABER MAL IM ERNST! ...OB ES SO VIELLEICHT GEWOLLT IST, DASS DER AMI BALD EUROPA WEGEN DEM ""ISLAM-TERROR"" BOMBARDIEREN KANN???",
2015-01-26T21:41:47+0000,Nur die H√§lfte der erwarteten Menge gekommen? :),
2014-12-20T22:16:35+0000,"Sonst geht's dir noch gut, Helena Fau?",
2015-01-14T17:35:08+0000,Soviel zur intergrierung...,
2015-01-10T22:17:18+0000,"Andreas Hula was hast du nur f√ºr einen dreckigen Charakter, hat dich Mami nicht richtig erzogen , das zeigt das du eine beschissene Kindheit hattest. Das tut mir Nat√ºrlich leid. Komm zu Papa ich erziehe dich richtig.",
2014-12-17T20:26:51+0000,Deutschland. Dies nenne ich puren Hass gegen das eigene Volk.,
2015-01-10T11:25:03+0000,"ALLES das Programm, das Auftreten, die Gesinnung, der Beginn und hoffentlich NICHT das Ende.",
2014-12-29T21:05:45+0000,Wieviel intelligenzquotient braucht man um sachen papageienartig zu wiederholen...ich nehme an wenig....das ist die sorte von mensch die unsere politiker brauchen ....systemmarionetten die widerspruchslos und ihrer eigenen meinung beraubt alles als richtig hinnehmen,
2015-01-04T07:18:25+0000,Ist das nicht eine morddrohung,
2015-01-07T15:02:03+0000,Ihr kehrt uns doch auch in eine Schublade .......,
2014-12-21T00:29:11+0000,"Da seht ihr doch, wer der wahre Feind ist.",
2015-01-22T16:30:23+0000,Soll ich oder machst du?,
2015-01-06T09:22:47+0000,Sieht stark nach einem Fake-Account aus.,
2015-01-22T10:19:24+0000,Und warum sind Sie dann hier Herr Neurer?,
2014-12-20T14:32:22+0000,"Fotoagentur? Ja und? Die leben vom liefern von Bildmaterial, wovon denn sonst? Soll eine Fotoagentur Auftr√§ge ablehnen, weil ihr der Auftraggeber pers√∂nlich nicht passt? Sollen Fotografen Dich nicht fotografieren, wenn Du ein Passbild brauchst, ihnen aber Dein Antlitz missf√§llt? So ein Quark! Bachmann hat eine Fotoagentur betrieben - steinigt ihn!",
2015-01-06T09:56:37+0000,Gl√ºckw√ºnsche aus √ñsterreich :D Na dann !,
2015-01-24T13:33:03+0000,"Nein, denn wir wollen aller Welt zeigen wie es um die Demokrtie in Deutschland bestellt ist. Macht bitte weiter.",
2015-01-06T08:20:45+0000,Hatte 10 Stunden NachtDienst !,
2015-01-21T10:12:13+0000,"Da stimme ich dir voll zu, Deutschland ist so ein tolles Land auch wenn manchmal die Politik zu w√ºnschen √ºbrig l√§sst",
2015-01-19T21:32:30+0000,"Keine Sorge, uns wirst du nicht drohen. Wir werden uns verteidigen.",
2015-01-13T12:24:36+0000,Ich denke die Polizei hattet und habt ihr n√∂tiger,
2014-12-19T22:23:27+0000,"Man sollte aufpassen, zuviel von positiver Zuwanderung zu reden. Das zerst√∂rt,wenn Sozialisten herumpfuschen, den Lohnmarkt. Andererseits m√ºsste man aktiver sanktionieren, wenn man nicht ordentlich arbeitet und die g√ºltigen Rechte st√§rker umsetzen. Gleichzeitig muss man sich von Putin abgrenzen und vom Bolschewismus.",
2015-01-26T20:24:15+0000,Der l√§sst von der EU momentan keinen rein...,
2015-01-07T15:16:23+0000,Das ist nur all zu verst√§ndlich!,
2015-01-26T08:19:51+0000,"Also wenn ich die Berichterstattung wieder lese/schaue dann Krieg ich Kopfschmerzen. ""17.300 Teilnehmer bei Pegida - Ist das nun endlich das Ende vom Spuk?""...Man sollte unbedingt Bedenken das wir a) Aufgrund der LUTZ-Aff√§re einen Negativen Image-Schaden erlitten haben, die Presse, die Politik haben das Hitler-Foto und Co knallhart ausgeschlachtet um Pegida  zu zerschlagen. b) Sonntag als Demo-Tag ist ung√ºnstig f√ºr viele c) Zu kurzfristige PLAN√ÑNDERUNG von Montag auf Sonntag z.b, desto erstaunlicher ist aber das wir trotzdem Soviele waren, ich hatte Anfangs Bedenken das nach LUTZ seinem R√ºcktritt das das Ende war...Ich garantiere, und da stimmen mir sicherlich die meisten zu, bei den n√§chsten Spazierg√§ngen/Kundgebungen geht es wieder steil nach oben nun wo Deutschland  sieht: Pegida?L√ÑUFT! Auch ohne Lutz sind und bleiben wir unbequem. Wir haben noch lange nicht unseren H√∂hepunkt erreicht. Wir werden auch weiterhin das Bettlagen nicht weglegen und durch Deutschland  spuken...Irgendjemand muss der Obrigkeit doch das F√ºrchten lehren!!!! üòÇüòÇüòÇ",
2014-12-29T18:11:00+0000,"Wof√ºr der Mann sein (bzw. mein) Geld bekommt, verstehe ich immer weniger...",
2015-01-25T19:59:10+0000,"Und die Juden haben hier so gut gelebt, dass es √ºber die Jahrhunderte immer wieder Verfolgungen gab",
2015-01-18T12:43:25+0000,Sehr schade... üòû,
2015-01-26T06:19:31+0000,Da hab ich mich gestern schon √ºbel dr√ºber aufgeregt- so ein Bl√∂dsinn.... -.-,
2015-01-20T02:52:57+0000,https://www.facebook.com/patrick.mrrios/posts/708545259263340,
2014-12-29T11:02:51+0000,"Ja, gibt auch Hohlk√∂ppe. Am besten Petition ohne Kommentarfunktion.",
2015-01-12T18:42:46+0000,"Joerg, wo denkst du hin! Die ""Macher"" von letzten Samstag konnten es √ºberhaupt nichts leisten, handzuverlesen. Jeder Hansel z√§hlte!",
2015-01-19T17:31:32+0000,"Wenn ich mir die Kommentare hier so ansehe,werden ganz andere christliche (und deutsche) Werte abgeschafft... *rolleyes*",
2015-01-17T13:37:51+0000,"Samia Tuana meine g√ºte, bist du BL√ñD. Sperrt dieses weib von dieser seite. Ist ja nicht zum aushalten.",
2015-01-14T19:17:26+0000,https://www.youtube.com/watch?v=mAEZrGoEQjc,
2015-01-12T18:36:39+0000,Ein historisches Ereignis ------------ (y),
2014-12-16T10:41:42+0000,Zwischen ekligen Dreck und Bildzeitung ist KEIN Unterschied,
2014-12-24T01:34:30+0000,"Und h√∂rt auf den Den geschichtstr√§chtigen Spruch: ""wir sind das Volk"" so j√§mmerlich und sch√§ndlich zu missbrauchen",
2015-01-14T13:15:42+0000,"PS. Kleiner Tipp am Rande: Mit dem kostenlosen Programm YouTubeDownloader kann man dieses Video runterladen und in Ruhe, beispielsweise auf dem Fernsehger√§t ansehen.",
2015-01-16T07:59:18+0000,"Wer zu bl√∂d ist, das PEGIDA Positionspapier zu lesen und zu versthen, der sollte die Klappe halten !!!!!!!!!!!",
2014-12-10T17:52:54+0000,"Ich glaube kaum das sich einer verabschiedet, ich sehe das pers√∂hnlich falsch jemanden als rechts, linKs oder liberall einzustufen. Soweit sind sind alle nicht auseinander, man muss die goldene Mitte finden, was leider die CDU (meine alte wahlpartei nicht mehr ist). Jeder ist Willkommen, der Grundtext steht, wo ich selbst schon einzelne Kritikpunkte und gute Punkte gefunden  habe. Aber das Asylthema muss ohne Schonung irgendwelcher Interessen angegangen werden!",
2015-01-26T17:46:49+0000,"Kevin, Freitag Connewitz! Da is Party üéâ.",
2015-01-21T11:35:06+0000,Bitte beachten: Die Konsequenzen fordert einer von Pegida - keiner von au√üen....!,
2014-12-28T17:52:43+0000,"Nicht nerven!! Geh auf ein Forum wo du dich austoben kannst. Wenn es dir hier nicht passt, verschwinde doch einfach und h√∂re auf andere zu bel√§stigen.",
2015-01-07T18:20:24+0000,Super und klar geschrieben. Direkt aus dem Herzen des B√ºrgers!,
2014-12-02T10:05:39+0000,nein wir sind doch aber klug und lassen uns nicht provozieren beim n√§chsten Mal werden wir uns den Weg mit Weihnachtsliedern frei singen...,
2015-01-14T15:09:14+0000,"Erst das eigene Volk aufhetzen, danach die halbe Welt und dann gibt's wieder einen Trauermarsch. Diese Heuchelei ist ja schon fast wieder lustig.",
2015-01-14T10:52:49+0000,Hast du von der Pegida schon Tote gesehen?,
2014-12-22T18:07:46+0000,Respekt Dresden..... Tiefe Verneigung,
2015-01-25T10:30:07+0000,"W√§ren die Juden dem alten Testament Tora anh√§ngen, gilt f√ºr die Christen das neue Testament weil ein neuer Bund mit Gott geschlossen wurde mit dem Tod Jesu.",
2015-01-20T20:10:13+0000,"ja genau, Lutz Bachmann ist n√§mlich total lustig und ein Menschenfreund...",
2015-01-14T21:16:33+0000,Das sind keine M√∂rder !,
2014-12-22T21:54:13+0000,"Sidy Villaa wir hatte keine √úberfremdung ! Die DDR hatte im Rahmen der Sozialistischen Bruderhilfe einige Gastarbeiter aus Ungarn, Cuba und aus einigen afrikanischen L√§ndern, naja nicht zu vergessen noch die Rote Armee. Aber alles war friedlicher und nicht so Gewaltt√§tig wie heute in der gesamten Bunten Republik Deutschland.",
2015-01-13T11:14:21+0000,https://www.youtube.com/watch?v=V73R2w8Cerk#t=217,
2015-01-14T19:01:23+0000,ist schon traurig,
2015-01-06T18:50:31+0000,https://www.youtube.com/watch?v=Ab5CBZQClFE,
2014-12-10T13:32:26+0000,"W√§re es nicht sch√∂n, solche Worte auch von einem deutschen Spitzenpolitiker zu h√∂ren?",
2015-01-12T19:58:09+0000,Gru√ü zur√ºck.,
2015-01-23T12:31:29+0000,Langsam wird's l√§cherlich,
2015-01-19T09:13:49+0000,"Wobei ich denke das der Islam f√ºr viele Migranten nur eine sekund√§re Religion ist und Sie sich f√ºr ihren Glauben einen Schei√ü interessieren. Genau wie PEGIDA den Schutz des christlich-j√ºdischen Abendlandes fordert, obwohl sich f√ºr den christlichen Glauben und seine dazugeh√∂rigen Werte nur ""Wenige"" einsetzen. Vom Judentum ganz abgesehen.",
2014-12-22T05:56:15+0000,@Florian: bitte erst den Kampf gegen die Pubert√§t gewinnen und sich dann nocheinmal dem Kampf f√ºr die Demokratie widmen. Andersherum wird das nichts.,
2015-01-24T12:00:37+0000,bild.de/inland/illegale-migration/trotz-urteil-145000-abgeschobene-asylbewerber-noch-da-38006600.bild.html,
2014-12-07T18:14:40+0000,üëç,
2015-01-19T11:35:36+0000,"irgendeiner hat sicher verbotene pornos heruntergeladen, da bin ich mir sicher)",
2014-12-22T21:30:45+0000,@Martin: Thank you. Just ignore Andrea's comment - we're glad about Europe of different peoples respecting each other's culture and language.,
2015-01-05T20:57:41+0000,Super,
2014-12-30T23:43:50+0000,"...sagt jemand, der sich Kermit nennt. Sehr mutig!",
2015-01-21T13:14:12+0000,Deutschland ist gerade dabei durch den ESM Schirm sich runterzuwirtschaften. Wir sitzen alle im gleichen Boot.,
2015-01-26T10:45:13+0000,"He Je, Subventionen.... aber klar, diese geben Dritt- und Viertklassigkeit einen ungerechtfertigten Vorteil",
2014-12-27T23:23:32+0000,A Million war guat!,
2015-01-12T14:31:11+0000,http://www.t-online.de/nachrichten/deutschland/gesellschaft/id_72454778/franzoesische-karikaturisten-kritisieren-pegida-bewegung.html,
2014-12-30T23:16:37+0000,Sch√∂n gesprochen. Besser h√§tt Ichs selber nicht hinbekommen.,
2014-12-26T22:10:56+0000,unterschrieben,
2015-01-06T01:46:25+0000,Also lieber ruhig sein Peter üòÑüòÑ,
2015-01-23T15:42:54+0000,Hey Jonas du sagst: Die meisten Ausl√§nder haben den 3fachen iq von euch. Aber 3 mal null iss leider auch nicht mehr als null. Bitte trollen!,
2015-01-09T11:40:19+0000,"Nein, nicht alle Terroristen sind Moslem. Breivik, RFA, IRA, ETA, FARC, NSU etc. Solche Aussagen sind Polemik.",
2015-01-19T15:05:50+0000,"Vllt weil man nur das einstudierte, profimanipulierende gewohnt ist aus dem Fernsehen?",
2014-12-19T09:38:57+0000,"@ Florian - wie du das betitelst und ob du dort warst, geht mir an demselben vorbei. Ich hab mich mit denen unterhalten und kenne die 3 seit einem Jahr..",
2015-01-10T14:24:27+0000,"Oder in die Geschlossene Anstalt, wegen v√∂lliger Verbl√∂dung!",
2014-12-17T20:30:00+0000,Dann fallen die L√§use wenigstens nicht runter...,
2015-01-07T06:00:59+0000,Ohh armes Deutschland,
2015-01-25T11:44:08+0000,Lasst euch nicht unterkriegen! Viele Gr√º√üe aus Aachen!,
2015-01-07T08:31:31+0000,"Hoffe, n√§chsten Montag werden es noch mehr üë•",
2015-01-12T15:29:53+0000,"Wo bleibt nur die immer geforderte Toleranz, selber aber m√∂gliche ""Intolerante"" nicht tolerieren.",
2015-01-19T13:23:36+0000,aber bis n√§chste woche wird die polizei hoffentlich ein sicherheitskonzept haben damit wir wieder auf die stra√üen k√∂nnen.,
2015-01-01T09:11:39+0000,"Diese ""Frau"" beleidigt die Leute hier aufs sch√§rfste....und DU unterst√ºtzt sie dabei.",
2014-12-27T15:52:35+0000,Egal wie es war... ich denke das ein Gottesdienst keine Multikultiveranstaltung ist!,
2015-01-24T21:12:39+0000,"OK. Wenn ich einen sehe, nehm ich ihn an die Leine.",
2015-01-12T22:32:01+0000,Die usa muss mal wieder Dresden platt machen und die Russen die Germanen M√§dels sch√§nden,
2015-01-26T05:40:20+0000,Zum kotzen !,
2015-01-14T21:50:02+0000,Sagt der Vic...,
2015-01-26T22:30:16+0000,Der Handel kann es verschmerzen,
2015-01-09T20:20:49+0000,"Mal eine ganz andere Frage. Die nigerianische Stadt BAGA wurde von Boko Haram, die ja nun unstrittig ebenfalls eine Islamistische Terrorgruppe ist, dem Erdboden gleichgemacht. Es sollen hierbei bis zu 2.000 Menschen abgeschlachtet worden sein. Mit Verlaub auf die 16 Toten in Paris, wo alle schreien: ICH BIN CHARLIE, wieso schreit nicht ein Einziger: ICH BIN BAGA ? Ich meine, es wurden 2.000 (!) Menschen get√∂tet, also deutlich mehr als in Frankreich, aber komischerweise macht sich da niemand wirklich Gedanken √ºber diese Tatsache oder ist deswegen tief best√ºrzt. Warum nicht ? Mag es daran liegen, weil es zu weit entfernt ist ? Oder die Menschen, aus der Sicht von den Europ√§ern einfach weniger Wert sind, weil vllt. technisch nicht so weit entwickelt ? Oder einfach nur, weil es Afrikaner sind, mit denen man eh nix zu tun hat und keinerlei Beziehung hat und haben will ? Oder einfach nur, weil die ja so anders sind ? Was auch immer die Antwort sein mag, aber auch diese Menschen wurden 'im Namen des Islam' abgeschlachtet ! Gerade in L√§ndern, wie Nigeria, wo der Staat nicht den Durchgriff wie in Deutschland hat, sieht man doch deutlich was passiert, wenn die Islamisten an die Macht kommen, und wenn es nur in einigen Gebieten ist. Dies bedeutet nicht, dass es hier in Deutschland in ein paar Jahren genauso aussieht, aber es zeigt deutlich, dass der Islam Religion und Staat nicht voneinander trennt und es zeigt, dass es wohl deutlich mehr radikale Muslime gibt, wenn diese nur den Raum hierf√ºr bekommen. Ebenso ist auch in diesen F√§llen zu sehen, dass das, was angestrebt wird, einen absoluten R√ºckschritt bedeuten w√ºrde. In diesem Sinne vllt. auch einmal nicht nur bis Frankreich denken, sondern auch dar√ºber hinaus. Es gibt so vieles mehr wof√ºr man: Je suis br√ºllen k√∂nnte, denn es gibt so viele Opfer mehr.",
2014-12-21T23:12:38+0000,Hab noch eine Frage: D√ºrfen Rassisten auch verreisen?????? das w√§re doch ungerecht!!!!!!!!!!!!!!!!!!!!!!! ,)
2015-01-15T23:38:23+0000,"naja,f√ºr Trockens√§ue gibt es nur zeitloses Gefasel mit Gehirnschutz unter dem Helm",
2014-12-30T01:29:56+0000,3. Es heisst *Guck und * Birmingham und so weit wie dort ist es hier noch lange nicht .,
2015-01-11T17:50:51+0000,Achtung ! wie gibt viele muslim in deutschland <3 es gibt auch vielen deutschen personnen in arabisch land //peace//,
2014-12-16T18:59:03+0000,"12. und 13. im gleichen ""Positionspapier""?!",
2015-01-13T08:59:57+0000,http://www.huffingtonpost.de/2015/01/12/juden-verlassen-frankreich_n_6460212.html,
2015-01-18T16:33:10+0000,"Die Sache hat einen m√§chtigen Beigeschmack, man k√∂nnte sich durchaus vorstellen, dass der Geheimdienst die Drohungen selbst inzidiert hat, damit das Regime endlich einen Vorwand hat, die Demos zu untersagen. Mich w√ºrde das auch nicht mehr wundern. Komisch nur, dass in Paris 3 Millionen Demonstranten von den Einsatzkr√§ften gesch√ºtzt werden konnten, in Deutschland nich mal 30.000.",
2015-01-14T17:01:24+0000,Und so geht's weiter. Dieser Gutmenschenunsinn wird nie aufh√∂ren.,
2014-12-10T14:15:17+0000,Und noch ein Wort zu Presse. Die ehemaligen B√ºrger der DDR kennen und durchschauen das Propaganda Konstrukt und den Versuch das ganze in die RECHTE Ecke zu schieben. Ich hoffe auch alle anderen.,
2014-12-28T22:01:35+0000,Was jetzt? Ausl√§nder? Islamisten? Salafisten? Gegen was seid ihr eigentlich?,
2014-12-24T13:36:41+0000,Du bist vielleicht lustig die Massen es sind nicht mehr als max.8 % der Bev√∂lkerung wo ist den der Rest.,
2015-01-22T10:34:51+0000,Stolpere weiter durch dein rosarotes Leben und jetzt troll dich.,
2015-01-03T23:24:43+0000,"Leben ja auch hier im sicheren Deutschland. Wei√ü nicht ob sie auch so reden w√ºrden, wenn sie vor Ort w√§ren.",
2015-01-05T20:03:09+0000,Ich glaub ich zieh nach Dresden. Dort ist es am sichersten,
2015-01-15T10:58:21+0000,Ein k√§fig voller helden gef√ºhrt von der olsen bande!,
2014-12-07T15:52:24+0000,Beide haben ihr leben gelassen um anderen zu helfen. !!!!  Leute h√§ngt euch weg.,
2014-12-08T09:28:24+0000,Es gibt Sachen auf Gottes Erde die werd ich nie verstehen...,
2015-01-09T17:57:57+0000,"Ja, naja, was hei√üt m√∂gen. Is mir e bissl wurst. Verwundert mich nur.",
2014-12-18T23:40:40+0000,https://www.facebook.com/events/367184713459307/?fref=ts,
2015-01-15T20:21:07+0000,"Abstiegs√§ngste haben wir, so schreibt der Spiegel! Na mal sehen, ob  die Presse nun wieder 12 Wochen braucht, bis sie weiss, wovor wir  wirklich Angst haben!!! Es w√§re einfacher auf uns zu h√∂ren!",
2015-01-22T08:05:14+0000,Ich starte die 'Nazi-Pic(g) Challange'! - Ich nominiere euch ALLE!,
2014-12-24T23:14:33+0000,Amen,
2015-01-09T19:44:00+0000,"Das stimmt wohl. Ich habe nur Bedenken, dass sich alles im wahrsten Sinne des Wortes ""totlaufen"" wird, wenn irgendwann ein bestimmter Punkt erreicht ist.",
2015-01-14T23:15:27+0000,Legida ihr m√ºsst daran denken das ca. 5mal mehr nicht bei Facebook sind. Die haben einfach gespeichert immer montags. Glaube dass das einige jetzt nicht mitbekommen......,
2014-12-29T22:17:16+0000,"Wenn ""das Volk"" tats√§chlich aufwachen w√ºrde, dann w√ºrde es gegen die wirklichen Verursacher des herrschenden Leids (Politik/Wirtschaft) protestieren, anstatt sich mit Kagida gegen Fl√ºchtlinge zu wenden.",
2015-01-13T23:54:57+0000,"Das macht so einen Spa√ü, die nopigas sind so einf√§ltig, und naiv. Zwei  Antworten mit den richtigen Fakten und schon sind sie Mundtod.",
2015-01-04T18:58:07+0000,wie soll das Geld abschaffen funktionieren ? Bitte jetzt nicht sagen jeder nimmt sich was er/sie braucht. Damit man etwas zu sch√§tzen vermag muss es einen finanziellen Wert haben. Ich empfehle dazu einschl√§gige Literatur.,
2015-01-20T09:11:07+0000,http://youtu.be/6OP2gSnFjv0,
2015-01-18T22:13:40+0000,"Ich bin stolz auf Kathrin! Es war sehr wichtig, sich der √ñffentlichkeit zu stellen! Auch wenn der ein oder der Andere der Meinung ist sie h√§tte mehr geben k√∂nnen.. Vielleicht, aber SIE war da, nicht ihr, die ihr euch nun das Maul zerfetzt!! Es war ein Schritt und es ist alles sachlich gelaufen! Hut ab Frau O!!!!!!",
2015-01-07T17:25:56+0000,"Die fette Roth mag diese Multikultischei√üe doch auch. Hat den Begriff doch erfunden.  :-)  Na ja, die denkt vielleicht an ihre Aufenthalte in der Familienimmoblie in Bodrum/T√ºrkei..... wo SIE sich ins t√ºrkische Stadleben einfzuf√ºgen giert. Hat wahrscheinlich auch einen von der T√ºrkei finanzierten Sprachkurs erhalten und viele von der T√ºrkei bezahlte Leute um sich, die ihr die Intergration, t√§glich auf dem silbernen Tablettchen pr√§sentiert, erleichtern.",
2014-12-02T21:15:04+0000,Viel Zeit gelassen mit lesen haste Dir ja nicht. Dein Kommentar ist einer der ersten.,
2014-12-31T14:56:25+0000,2015......wird einiges anders laufen!!!!! Das hoffe ich!!!!! Und darauf sto√üe ich um 24:00 an......,
2015-01-07T15:45:56+0000,"Warum macht Pegida nicht auch mal Samstags eine Demo, da w√ºrden noch viel mehr kommen...!!!",
2015-01-14T06:14:22+0000,"√Ñhhhm Technik kann man leihen und mieten, das ist gar nicht so teuer ;)",
2015-01-13T07:24:18+0000,"Man hat eben gelesen, wir m√ºssen auf Sie zugehen und nicht andersrum.",
2015-01-22T14:00:40+0000,schau dir doch die gutmenschen an... zum kotzen,
2014-11-23T20:48:45+0000,"Stimmt genau, gegen Frauen und Kinder hab ich wenig einzuwenden",
2015-01-11T17:45:51+0000,"Die SPD buhlt schon l√§nger um muslimische W√§hlerstimmen, da wundern mich auch solche Spr√ºche nicht mehr. Was mich wundert ist, das Frau Fahimi sich noch nicht zu Wort gemeldet hat.",
2014-12-05T14:12:59+0000,"Wen wundert es das es so gekommen ist. Bei dieser Linken Propaganda und L√ºgenpresse. Da werden friedliche Demonstranten doch sofort als p√∂belnder und brandschatzender Mob dargestellt. Soviel zum Thema ""Meinungsfreiheit"".",
2015-01-01T14:02:54+0000,"Das ist nicht  nur Bevormundung, sondern √ºble Nachrede!",
2015-01-03T17:27:07+0000,"Garnicht beachten!! Sie sind schon so verzweifelt aus Angst ihr Reichtum und ihre Macht zu verlieren, dass sie jetzt schon Kinder bel√ºgen m√ºssen. Weil die glauben es ihnen vielleicht!! :D",
2015-01-12T18:02:34+0000,"Wie hier Jemand nicht begreift da√ü es nicht um ""Rassismus"" geht!",
2015-01-12T18:08:13+0000,"Jeder Westdeutsche,  der dies liest: Der Westen muss aufwachen! Heute in einer Woche im Ruhrgebiet.",
2014-11-28T18:32:34+0000,Gepostet in der n√§he von N√ºrnberg!!!,
2015-01-12T20:56:40+0000,"Darum k√ºmmert sich der  werte Herr Maas nicht. Stattdessen √ºber die Menschen, die sich dar√ºber beschweren oder auf die Stra√üe gehen.....  Mann, Mann... ist unser Land kaputt. Und so ein Krawattentr√§ger denkt, die ganze Welt dreht sich nur um ihn ?",
2014-12-29T13:47:46+0000,"""Autobahn""ist auch ein Begriff aus der Nazizeit.",
2015-01-25T16:01:10+0000,https://www.facebook.com/1544322285807208/photos/pb.1544322285807208.-2207520000.1422200961./1544325449140225/?type=1&theater,
2014-12-19T17:02:40+0000,"Nochmal, die Regierung und die Lobbyisten wollen das Freihandelsabkommen, nicht das Volk.",
2015-01-07T19:08:19+0000,Je voudrais exprimer mes sinc√®res condol√©ances √† toutes les familles qui ont perdu des proches.,
2015-01-07T17:17:12+0000,"Das ist das was die Regierung will! Uns alle ausrotten.  Find  schon garkeine worte mehr! In mir brodelt es wie noch nie! Und wenn ich das geschw√§rzt aus der l√ºgen Presse h√∂re , wird mir einfacg nur noch schlecht. Lasst uns den landtag st√ºrmen und die leute mal Kr√§ftig sch√ºtteln! !! Man hat einfach nur noch angst und wenn man nichts ernst nimmst oder ignoriert oder sch√∂n redet,  sieht man ja wo es hinf√ºhrt! !!!",
2015-01-12T22:34:20+0000,Ja ist der pure Neid was denn sonst,
2015-01-01T02:57:12+0000,"...WIR SIND GOLD UND STOLZ AUF DEUTSCHLAND...http://www.youtube.com/watch?v=7-3kcArUgK4   und frohes neues...(es tut so gut endlich mal Menschen f√ºr Ihre Freiheit und W√ºrde sich erheben zu sehen. Danke an die vielen aufrichtigen und sachlich argumentierenden Leute hier, die trotz all des Unbehagens und der gegenw√§rtigen Sorgen dennoch eine solch positive und f√ºr die Zukunft optimistisch stimmende Atmosph√§re verbreiten. WEITER SO!!!",
2014-12-27T01:38:24+0000,https://www.change.org/p/alle-mit-der-unterschrift-sagt-ihr-ja-zu-pegida?recruiter=62425289&utm_source=share_petition&utm_medium=twitter&utm_campaign=share_twitter_responsive,
2015-01-20T18:24:11+0000,"Vielleicht sollten auch einmal von den Politikern Genesungsw√ºnsche f√ºr die Polizisten kommen, mit gleichzeitigem Verurteilen solcher Krawalle von Linken. Im Moment lehnen sie sich ja eher zufrieden zur√ºck, wenn gegen Pegida demonstriert wird, wie sch√∂n f√ºr die Regierung.",
2015-01-10T09:47:09+0000,"So einen Vorfall sollte man nicht f√ºr "" Politik"" benutzen ..... dieses Vorgehen hat angst gemacht und aufgrund der Vorgehensweise vertraue ich auch hier der medialen Darstellung nicht .....",
2015-01-20T13:06:47+0000,"Herr Gutmann, die globale Kapitalisierung und Ausnutzung ist in vollem Gange. Gro√üe Firmen zahlen hier keine Steuern mehr in Deutschland. Warum? Dank einfacher Steuertricks, Dumpingl√∂hne sind ein Problem, Gewerkschaften werden locker ausgehebelt usw! Und IHR habt Angst vor 5 % Moslems in ganz Deutschland? Ernsthaft?",
2015-01-10T18:42:26+0000,Leider heutzutage wahre Worte!,
2015-01-09T19:50:01+0000,"die d√§mliche Gewerkschaft IG BCE hat in ihrem Rundschreiben an alle Betriebsr√§te erstmal geschrieben ""Samstag der 15. Januar"" :-D der war das letzte mal 2011!  Es ist aber gut zu wissen was so mit den Beitr√§gen der Mitglieder so getrieben wird! ",
2015-01-04T12:13:06+0000,"NPD ..... h√§tte ich mir nun aber auch nicht gew√ºnscht, das die soviele Likes haben .....",
2015-01-23T17:44:27+0000,"Nochmal NEIN - Die Unruhen werden ausschlie√ülich von den zivilen Krawallmachern und Demokratiefeinden Herrn Jungs verursacht, warum also sollen WIR deswegen zuhause bleiben? Das ist verdrehte Welt.",
2015-01-19T17:42:27+0000,Kerze brennt. Gr√ºsse aus Aschersleben,
2014-12-22T21:28:55+0000,Die Deutschen leben noch...,
2015-01-22T16:57:51+0000,Ach! Daf√ºr h√§tten dann die Schulen Geld? So pl√∂tzlich? Ist ja interessant.,
2015-01-20T10:12:14+0000,Da hat aber einer Ahnung,
2015-01-26T09:05:06+0000,"Was Deutschland schadet ist das Vernachl√§ssigen der Innenpolitik, Das Vernachl√§ssigen in der Zusammenarbeit mit dem Volk die Innen und Au√üenpolitik zu gestalten. Die strikte Weigerung an politischen und wirtschaftlichen Entscheidungen das Volk in Form von Volksentscheiden teilnehmen zu lassen.Die kontraproduktive unterw√ºrfige Politik gegfen√ºber der USA und der NATO,Die beteiligung der BRD an milit√§rischen Kampfeins√§tzen in der Welt. Die Vorbereitung eines Angriffskrieges gegen Russland.Die Beteiligung an den wirtschaftssch√§digenden Sanktionen gegen Russland. Die Mitbeteiligung am faschistisch gepr√§gten Putsch in der Ukraine durch deutsche Geheimdienste, CDU nahe Gremien, sowie durch die Regierung. Horrende Geldspenden u.v.a.m. das schadet dem Ansehen Deutschlands.Nicht zuletz, das regieren von Politikern, die nicht den mehrheitlichen Willen des Volkes besitzen.",
2014-12-22T05:46:25+0000,http://www.merkur-online.de/tv/rtl-reporter-gibt-sich-pegida-anhaenger-zr-4562478.html,
2015-01-17T10:50:57+0000,üòÇüòÇüòÇüëç,
2014-12-20T15:07:24+0000,"Ich Frage mich, wieso der Mann in den Medien als auslaenderfeindlich bezeichnet wird. Es ist sein Recht als Eigent√ºmer √ºber sein Eigentum zu entscheiden und daf√ºr hat ihn niemand zu kritisieren.",
2015-01-11T13:18:42+0000,"Sral kowski theoretisch stimmt es schon, der Platz War tats√§chlich aber abgegrenzt...auf den Webcambildern der Frauenkirche gut zu sehen",
2015-01-25T23:12:49+0000,Klar gerne doch üòäHeike Berwald,
2015-01-07T12:57:07+0000,"So traurig wie es ist, w√ºrden solche Anschl√§ge in Dresden passieren w√ºrden viele Deutsche und unsere Politiker feiern und sagen: ""Ihr PEGIDA Leute seid selber schuld... """,
2015-01-12T17:46:08+0000,Ich als Saarl√§nder sch√§me mich f√ºr diese Knallcharge!,
2015-01-06T11:26:35+0000,@Name es gibt ein sch√∂nes und hier sehr zutreffendes bild (das ich leider nicht posten kann) auf dem steht: ironie setzt intelligenz voraus. Das erkl√§rt schon das ganze dilemma,
2015-01-07T08:44:56+0000,"Hahaha üòÉ Nee , lieber nicht üòÜ",
2015-01-12T13:28:59+0000,Ja ich gehe auch arbeiten. Au√üerdem sind meine Lippen nicht aufgespritzt ,)
2015-01-24T18:44:58+0000,"Sollen die doch in die EUdSSR eintreten, solange wir hoffentlich austreten.",
2015-01-04T17:59:59+0000,"Genau, gute Idee, war streckenweise sehr verzerrt durch den WindüòÉ",
2014-12-24T01:08:16+0000,Hoffentlich ist der echt weg. Sowas hat mir noch gefehlt. Wahrscheinlich hat er noch gedacht er bekommt hier Applaus weil er so ein harter Kerl ist.,
2015-01-21T13:57:50+0000,"Liebe Menschen mit Migrationshintergrund ( wer hat sich das Wort ausgedacht?) Sei es drum. Ihr habt gewaltigen Denkfehler!!!!!!!!! Wir Deutschen sterben aus. Das wird so vermutlich kommen. Dann seid Ihr allein hier. Ihr k√∂nnt ein Handy bedienen. Damit kann man aber keinen Daimler bauen. Soll heissen, wenn wir nicht mehr da sind, werdet Ihr laufen m√ºssen. Ihr werdet im Winter auch keine Heizung haben, da Ihr das System nicht nich unterhalten, geschweigedenn reparieren k√∂nnt. Und im Sommer nichts erfrischendes trinken....Nichts werdet Ihr haben. Ich sehe in ganz Europa ( ich arbeite dort) habt Ihr es nicht mal bis ins B√ºro geschafft. Is  so :-) . Was sagt Euch das? Pflegt uns Deutsche wo immer Ihr uns seht. Wir sind Euer Pfand und betet das es uns Deutschen gut geht. Gr√º√üe",
2014-12-27T09:51:27+0000,Und was machen jetzt Deine Nachbarn? Dich anzeigen? SAntifa rufen?,
2015-01-25T18:34:50+0000,"Ja klar Andra, Dein Account ist auch vom Januar 2015. :D",
2014-12-20T22:45:20+0000,"Es gibt noch andere Gr√ºnde die ich von Intern habe. Bei uns in Stuttgart stellen Moslems H√ºtten hin, wir m√ºssten 200 Jahre ackern um solche H√§user hinstellen zu k√∂nnen. Ein Nachbar fragte wie sie das machen. Wir arbeiten 16 Stunden am Tag, die gerade mal 5. Die bekommen Zusch√ºsse aus Ankara zu Top Konditionen, allerdings nur unter einer Bedingung. Die H√§user d√ºrfen danach nicht mehr in deutsche H√§nde verkauft werden.",
2015-01-18T13:31:33+0000,Ist der Spiegel nicht Teil der L√ºgenpresse? :D,
2015-01-12T19:06:27+0000,"Es gibt noch paar Deutsche, die den N√ºschel zum denken nutzen.... Weiter so!",
2014-11-28T13:18:23+0000,Sehr gut geschrieben,
2014-12-27T15:51:48+0000,"Genau das ist auch der Grund, warum es so lange gedauert hat, bis endlich mal die Gem√ºter √ºberkochen. Jeder hat gedacht, er ist alleine oder nur sein direktes Umfeld denkt noch so. Jeder hatte auch Angst den Mund aufzumachen, denn es war klar das man sofort diffamiert wird ..... Aber nun sehen die Menschen, sie sind viele, sehr viele ..... wahrscheinlich sogar die Mehrheit ...",
2015-01-09T21:42:31+0000,"Das Urteil besagt, dass der OB nicht sein Amt und dessen Ressourcen missbrauchen darf und das er Neutralit√§t zu wahren hat. Schlussfolgernd darf sich auch Gauck und Merkel nicht gegen Pegida aussprechen, wenn sie als Amtstr√§ger auftreten.",
2014-12-22T22:59:44+0000,http://citizengo.org/de/10403-radikale-muslimische-asylbewerber-ausweisen?m=5&tcid=9051976,
2014-12-24T10:56:09+0000,"Es reicht auch schon ein aufgekl√§rter Muslim von nebenan,wenn sie mich fragen",
2015-01-20T21:19:57+0000,Wie oft m√ºsstet ihr anzeigen bekommen weil ihr euch im Internet beleidigt? Also Ball flach halten,
2015-01-08T10:41:20+0000,Warst du drau√üen und hast eine Umfrage gemacht oder wie kommst du zu diesem Ergebnis das die friedlichen Moslems das gut finden?,
2014-12-19T14:25:33+0000,Fabian Pillmaier auch diese Aussage ist zeitbedingt ,)
2015-01-13T21:48:41+0000,was hat so ein Spinner mit Pegida zu tun?,
2015-01-01T00:42:08+0000,a very happy new year to you too john. thanks for your support.,
2015-01-06T13:50:29+0000,wenn muddi das erf√§hrt wird es eh wieder gel√∂scht.,
2015-01-18T22:15:08+0000,"die 40.000 h√§tte sie erw√§hnen k√∂nnen, ja, aber sie hat es insgesamt sehr gut gemacht.",
2015-01-27T00:06:34+0000,Ja ihr :D,
2015-01-19T11:40:00+0000,Wie w√§rs wenn die Mauer in deinem Kopf erst mal einrei√üt ? Kreide holen war wohl dein Hauptfach in der Schule !?,
2015-01-04T03:33:06+0000,"Was macht denn Deutschland eigentlich zu ""deinem"" Land?",
2015-01-15T21:03:42+0000,"Ihre eigene Bev√∂lkerung vergessen, Probleme √ºbersehen und verdrengen .. Aber noch 100 andere Sachen Bef√ºrworten ... Klasse Staat..",
2015-01-01T00:49:06+0000,Und auch nicht was Pegida heutzutage tun m√∂chte ...,
2014-12-29T15:40:48+0000,das sehe ich √§hnlich.,
2015-01-15T15:27:25+0000,Err:510,
2015-01-23T19:04:08+0000,"Haben wir in MD gehabt. Die Linken bewerfen uns mit Steinen, Urinflaschen und Essen...und die Polizei spr√ºht Gas zu UNS......Ohne Worte...",
2015-01-10T10:23:17+0000,Ja so ist es Roy,
2014-12-27T21:11:16+0000,"Dominic Bader einen Satz muss ich noch schreiben, ich glaube wenn dus wirklich ernst meinst findest du hier tas√§chlich sachliche Diskussion aber es ist sehr schwer ihr raus zufinden wer meint es ernst oder wer will nur provozieren und da gibs leider sehr viel anstatt wirkliches intresse an Informationen.",
2015-01-20T17:56:36+0000,"Nein, die SED-Bonzen waren 1989 viel kulanter. Der benimmt sich wie eine SED-Bonze 1953!",
2015-01-15T20:22:17+0000,Incident !,
2015-01-06T13:53:25+0000,"Nat√ºrlich geh√∂rt der Sender zu der L√ºgenpresse, aber warum sollte einem dieser Kommentar nicht zu denken geben. Und wenn man feststellt da K√ñNNTE was dranne sein, darf ruhig √ºberlegt werden. Und bitte die L√ºgenpresse l√ºgt ja nicht weil die von Natur aus L√ºgner sind, die Ursache liegt im System. Also muss das System wech. Also warum nicht die Vertreter des Systems zum R√ºcktritt auffordern? MEMUWE sollte ganz Laut gefordert werden oder auch GAMUWE",
2015-01-20T15:31:07+0000,"Parteien sollten sich auf Ihre Arbeit und den Wahlkampf beschr√§nken. Mit welchem Recht fordern Sie Gewerkschaften, Kirchen,Vereine Medien usw.auf sich Ihrer Meinung anzuschlie√üen oder gar zu demonstrieren. Ich dachte bisher immer jeder Mensch hat das Recht frei zu entscheiden und nicht die Partei hat immer recht.",
2015-01-18T14:42:49+0000,Nicht mit mir... https://scontent-b-fra.xx.fbcdn.net/hphotos-xfp1/v/t1.0-9/10922734_332896703577762_1612116039509784340_n.jpg?oh=1dfa163b7974f576d188874e694ecc27&oe=5523E012,
2014-12-30T01:38:42+0000,"laut lach,bist nur ein armes W√ºrstchen",
2014-11-23T22:30:51+0000,"es fehlt ein Satzzeichen, es k√∂nnte dadurch anders interprediert werden",
2014-12-15T17:15:32+0000,Das sah man...,
2014-12-22T18:08:03+0000,wie meinst Du das Oliver? moechtest Du Moscheen? versteh ich grad nicht,
2015-01-06T21:09:29+0000,"..""Alter, alter, alter"".. Mehr kann er nicht sagen > lasst ihn reden, Freunde!!.. ;-)",
2015-01-12T22:13:56+0000,"Hab ich der Pegida doch schon angeboten. Ich hab auch dem Herrn Tillich schon einen Brief geschrieben, das war am 14.12., pers√∂nlich in der Staatskanzlei eingeworfen. Bis heute hat er nicht geantwortet. Kopien gingen auch an die Fraktionsgesch√§ftsf√ºhrung der CDU im S√§chsischen Landtag, das B√ºrgerb√ºro der Landeshauptstadt Dresden, meinen Wahlkreisabgeordeten Andreas L√§mmel (CDU), den SPIEGEL, die SZ und die DNN. Antwort: NULL. Der Brief ist nachzulesen auf meiner Seite...",
2014-12-23T11:42:15+0000,die Politik macht uns langsam wieder zu dem...sie f√§llt uns Deutschen im eigenen Land in den R√ºcken..,
2015-01-18T13:56:16+0000,"Ist doch geschickt gemacht, somit wird jetzt jeder PEGIDA-Ableger torpediert und AUS der Widerstand. Folglich muss es also doch bei den Wahlen eine Antwort geben. Die wird aber ausfallen, weil der ""RUSH"" durch das gesamte Volk noch gar nicht wirklich erfolgte, der kommt fr√ºhestens im Sommer, doch das entf√§llt jetzt, denn A. haben viele jetzt Angst auf so eine DEMO zu gehen und B. der Staat wird diese listig mit der Terrorgefahr torpedieren. Bis zum Sommer werden wir wieder medial √ºber Maischberger und CO mit BLA BLA ruhig gestellt! AUS DER TRAUM! :-(",
2015-01-14T20:02:54+0000,Fettes kind mit bart,
2015-01-16T22:39:47+0000,"N√∂ ist es nicht - als sich der AfD Politiker versprochen hat, hat die ganze antideutsche linksgr√ºn versiffte Ecke gepl√§rrt.",
2015-01-08T06:24:19+0000,http://www.spiegel.de/politik/ausland/charlie-hebdo-paris-die-polizei-hat-die-verdaechtigen-identifiziert-a-1011818.html,
2015-01-07T17:39:12+0000,"Du kommst an ihn und auch an andere, derzeit regierende Politiker NACH  einer Wahl nicht mehr heran. Es sei denn, die N√ÑCHSTE Wahl r√ºckt n√§her. DANN biste wieder wichtig. Ich w√§hle nur noch AfD.",
2014-12-28T19:15:15+0000,"das nennt man zuckerbrot und peitsche,wobei ich eher zu almosen tendiere.schlimm ist das sich viele von almosen kaufen lassen!!!!",
2015-01-15T01:01:31+0000,Raus Islamofaschisten!!,
2015-01-23T19:08:03+0000,"Johann Schnee, sch√∂n wie du, nachdem ich das gepostet haben, deinen Beitrag bearbeitest. Nicht mit mir...",
2015-01-12T19:02:18+0000,Kein Problem! Ich empfehle einen Besuch in der christlich-evangelischen Gemeinde in Teheran! Gottesdienst allerdings an jedem 1. Freitag nur auf Englisch. K√∂nnte f√ºr weltfremde Menschen ein Problem sein!!! Die christlichen Kirchen in Istanbul sind auch sehr sch√∂n!!,
2015-01-19T22:03:14+0000,Das wissen viele leute nicht. Die sind halt beim dummheit verteilen 2x gelaufen weil sie dachten es wird besser.,
2015-01-19T15:10:00+0000,"Politiker, denn sie wissen nicht was sie tun !",
2014-12-24T14:48:12+0000,Ach und weil man was nicht richtig schreibt Is man jetzt dumm wa?? Kunde werd erwachsen echt ..!,
2015-01-14T09:42:10+0000, https://zombiewoodproductions.wordpress.com/‚Ä¶/thomas-de-ma‚Ä¶/,
2014-12-16T13:30:04+0000,Alle verbl9,
2014-12-30T03:24:32+0000,Schade.,
2014-12-23T21:37:04+0000,"Ganz meine Meinung! So lange kein √ºberzeugender Moderator gefunden ist, der die Anliegen der PEGIDA Bewegung auf sachliche und kompetente Art und Weise vertreten kann - auch gegen√ºber den Miedien - w√§re eine Art Mahnwache mit einer wachsenden Menge an Teilnehmern sicherlich erfolgreicher. Letztlich wird uns doch nur das Wort im Munde umgedreht. Deswegen gab es ja auch die Verweigerung gegen√ºber den Medien. Nach meiner Ansicht w√§re es Sehr hilfreich die AfD f√ºr die Sache restlos zu gewinnen, da deren Vorderungen ja so ziemlich mit dem √ºbereinstimmen was die B√ºrger der PADIGA Bewegung wollen.",
2014-11-24T21:25:41+0000,Weiter so ! Und n√§chste Woche soll jeder wieder einen neuen mitbringen !,
2015-01-06T13:26:30+0000,M√§rchenstunde?,
2015-01-01T10:30:01+0000,good news - http://www.barenakedislam.com/2014/12/31/theres-a-rapidly-growing-anti-islamization-movement-in-the-czech-republic-and-it-has-the-support-of-the-czech-president/,
2015-01-15T13:53:49+0000,L√ºgenbaron! !!!!,
2015-01-25T16:17:39+0000,"""Mimimimi Wasser!"" Ihr Memmen. Wen wollt ihr eigentlich Anzeigen, wenn es regnet? Den Papst? Die USA? Den Mossad?",
2015-01-16T20:26:48+0000,"Aber nein, da sitzt Ihr zu Hause und glaubt durch Eure Posting Aktion √§ndert Ihr was?????",
2015-01-07T07:59:52+0000,Ich bin auch Patriot und liebe Deutschland aber kann das nicht unterst√ºtzen. Nur weil 20000 Leute einem Guru nachrennen und schreien wir sind das Volk muss es nicht richtig sein. Und zu behaupten man/frau sei Europ√§er macht es noch lange nicht richtig. Ihr m√ºsst mal schauen was in Europa √ºber Pegida gesagt wird. Achja alles L√ºgenpresse. Entschuldigung,
2014-12-17T19:44:49+0000,Na ein Gl√ºck auch keine antifanten im Freundeskreis üòÉ,
2015-01-19T21:25:51+0000,Sag nur handschar,) bzw. Mohammed Amin al-Husseini
2015-01-19T12:00:24+0000,"Is there any information in English someone might help me with, bitte?",
2015-01-19T16:24:26+0000,Naja links und rechts ist beides mist,
2015-01-12T09:08:01+0000,http://kurier.at/meinung/kommentare/gastkommentare/zehn-aktuelle-thesen-zum-islam-und-europa/106.366.887,
2015-01-22T10:56:54+0000,Yasar YiBruder hol cola + popcorn und lies dir die Kommentare durch hahahaha,
2015-01-27T00:32:17+0000,Les mal meinen Kommentar oben bitte,
2014-12-22T22:22:43+0000,"so people can't like each other because of different skin colour, language and religion? And you don't think they might learn something from different understandings of life?",
2015-01-17T07:54:01+0000,Und vor allem sagt das √ºber den konkreten Dresdner Fall mal gar nichts aus!,
2015-01-16T00:30:11+0000,Wenn dus nicht richtig kannst gerne,
2015-01-06T18:32:52+0000,"Hallo Gott, da du mir noch so einiges schuldest, k√∂nntest du nich daf√ºr sorgen das alle Trolle und Antifa Gutmenschen morgen fr√ºh mit D√ºnnschiss auf stehen? Besten dank im voraus",
2014-12-24T12:54:09+0000,"Merke: PEGIDA-DEPPEN hassen die L√ºgenpressen, nehmen aber gerne Argumente gegen Muslime aus der Bild (Kirchenlieder auf t√ºrkisch.) Hut ab vor so viel... Dummheit.",
2015-01-15T03:02:15+0000,@lucas!!!! Lern mal erstmal T√ºrken von kurden zu unterscheiden und dann reiss den dummes drecksmaul auf,
2015-01-11T17:41:47+0000,was eine soziale socke...,
2015-01-17T02:30:21+0000,"Manfred, heut morgen in die Steckdose gefasst oder hat nichtmal dein Friseur lust auf dein albernes Geblubber?",
2015-01-24T08:33:29+0000,"Bin mal auf die Reaktionen gespannt, wenn bei der Weltoffenheits-Demo kommenden Montag auch Pegida Leute ""mitlaufen"" (was ja ihr gutes Recht ist).",
2015-01-11T16:55:32+0000,"Naja,aber erst ganz zum Ende hin,,,",
2015-01-09T18:14:41+0000,Oli Ver was geht den in Dresden ab? Du hast komplett falsche Vorstellungen.,
2015-01-24T21:48:27+0000,http://www.spiegel.de/panorama/justiz/schwangere-in-berlin-verbrannt-verdaechtiger-gesteht-mord-a-1014820.html,
2015-01-25T18:00:52+0000,xDDDD der war gut^^,
2015-01-03T11:59:48+0000,Bravo Deutschland ! Nicht vergeben !,
2015-01-05T21:35:00+0000,Auf zum Brandenburger Tor und vor den Reichstag welcher dann von uns √ºbernommen werden kann denn steht an diesem historischem Geb√§ude nicht *** dem deutschem Volke ***,
2015-01-18T12:40:59+0000,Die Geister die ich rief....ihr traumtaenzer,
2015-01-16T08:42:57+0000,aber doch nicht Schweinchen Peppa!!! :( hier hebt  noch schnell n paar Folgen auf... :) https://www.youtube.com/watch?v=u1LGtlk3YiQ,
2015-01-18T22:22:09+0000,"Wenn nicht Dresden morgen, dann Mittwoch ALLE NACH LEIPZIG.",
2014-12-27T10:45:29+0000,http://10news.dk/muslim-inbreeding-impacts-on-intelligence-sanity-health-and-society/,
2014-12-22T11:12:13+0000,http://www.focus.de/politik/ausland/islamischer-staat/er-lebte-in-berlin-von-sozialhilfe-bildungsminister-dieser-7-fache-vater-war-der-ranghoechste-deutsche-beim-is_id_4350674.html,
2015-01-18T21:56:08+0000,Schei√ü rechten Schweine!,
2014-12-29T21:31:27+0000,... -.- Was soll man dazu sagen??????,
2015-01-15T19:21:13+0000,"Wann wacht ihr auf, sagt es mir bitte, es besteht Handlungsbedarf! Erst wenn es in Deutschland passiert?",
2014-12-17T21:01:09+0000,"Ja, genau.... weil ein paar Tausend Menschen zu faul sind sich zu informieren oder gar selber aktiv politisch t√§tig zu werden. Die Berisselung √ºber Youtube ist nat√ºrlich einfacher, als sich mit tats√§chlichen Fakten zu besch√§ftigen. Armes Deutschland!",
2015-01-11T14:12:30+0000,"Bei euerem Hass,ist fragw√ºrdig ob ihr den Unterschied versteht.Das ist genau wie bei euch,alles Nazis hier?Gibt es da unterschiedliche Gruppierungen?Oder seid ihr alle rechtsorientierte,hasserf√ºllte und lieblose Terrorgruppen? Bedeutet das Pegida?",
2015-01-12T18:24:26+0000,Wird doch üëçüëçüëç,
2014-12-12T07:01:09+0000,"Cario Rodriguez das hat und wird nie funktionieren auch nicht wie Sie behaupten in anderen Teilen Deutschlands! Dies ist kein ""Dresdner anliegen sonder gesamt Deutsch zu betrachten! Damit dies schon mal eindeutig Klar ist. 2. ist dies nicht nur ein Deutsches Problem , sondern ein Welt Problem,damit dies auch klar ist! Ende derDiskusion! Und wem irgendwas hier nicht passt was wir wollen,... da ist die T√ºr! ""Ich komm ja auch nicht zu Euuch nach Hause und fang an die M√∂bel so zu verr√ºcken wie es mir gef√§llt,ooooder? Was w√ºrdet Ihr denn da gegen unternehmen,wenn ich dies tun w√ºrde? So ende!",
2015-01-13T22:22:35+0000,Tolle Antwort. Statt Zu begr√ºnden betreiben Sie Hetze.,
2015-01-26T23:38:41+0000,Bin ich schon.,
2015-01-07T15:17:24+0000,Es ist eher diese primitive Hetzte gegen PEGIDA die mich an dunkle Kapitel deutsche Geschichte erinnert!,
2015-01-17T11:55:40+0000,√Ñngstlich??kein wunder du bist auch nur ein knecht,
2015-01-18T21:29:44+0000,Thierse macht grad Wahlkampf...,
2015-01-06T01:04:21+0000,Ich freue mich drauf Pe Schn,
2015-01-04T20:01:40+0000,"Extremisten sind alle schlimm. Egal ob von rechts oder von links. Das gilt sowohl f√ºr die NPD als auch f√ºr die Antifa. Und das die Pegida von einigen hier  als rechts populistisch bezeichnet wird ist lachhaft und das nervt langsam in unserer Gesellschaft gleich als rechts und unwissend bezeichnet zu werden, wenn man sich eine andere Ausl√§nder- und Asylpolitik w√ºnscht. Das hat √ºberhaupt nichts mit Ausl√§nderfeindlichkeit zu tun.",
2015-01-25T20:54:18+0000,Armes Dresden !,
2015-01-04T21:31:07+0000,"Die machen das schon, sind doch Menschen!",
2015-01-07T15:31:44+0000,http://volksbetrugpunktnet.files.wordpress.com/2013/12/946705_556469387771247_1334212131_n.jpg,
2015-01-18T16:10:57+0000,"Wenn eine konkrete Gefahr best√ºnde w√ºrden sie uns das nicht sagen. Ja eigentlich sind sie doch diese Gefahr vor der sie uns warnen, diese Heuchler. Ich sage die wahre Gefahr ist zu glauben Politik und Polizei wollten uns vor der Gefahr sch√ºtzen.",
2015-01-06T17:01:00+0000,"""Der 12. Rundfunk√§nderungsstaatsvertrag hat die √∂ffentlich-rechtlichen Rundfunkanstalten verpflichtet, ab 1. Juni 2009 f√ºr jeden Inhalt - mit Ausnahme bestimmter Archive - eine sogenannte Verweildauer festzulegen. Nach Ablauf dieser Verweildauer m√ºssen wir die Inhalte (Audios, Videos, Texte, Bilder usw.) aus dem Angebot entfernen."" ...bedeutet das vorgeschrieben ist, fragw√ºrdiges Material, Artikel oder Beitr√§ge wie z.B. volksverhetzende Schriften             (siehe ¬ß 130 Volksverhetzung) zu entfernen bzw entfernt wird. Die Bezeichnung ""Verweildauer"" bedeutet soviel wie ""bis es ein Zust√§ndiger entdeckt hat, der es dann SOFORT entfernt. Soviel dazu das der √∂ffentlich-rechtliche Rundfunk das Gebot der Staatsferne und der Unabh√§ngigkeit h√§tte. http://dejure.org/gesetze/StGB/130.html",
2015-01-21T19:32:11+0000,und das wird auch so bleiben,
2014-12-21T22:09:08+0000,"Genau , der hat es erkannt und hat es ehrlich gesagt als Promi  , mutiger Mann",
2015-01-07T07:34:19+0000,"Nat√ºrlich wei√ü Herr Tillich um die Positionen der Pegida. Und nat√ºrlich hat er sie auch verstanden. Vor Jahren jedoch schon hat die Bundesregierung zutreffend festgestellt, dass sich der niedrigen Geburtenrate von ""Mitb√ºrgern ohne Migrationshintergrund"" wegen eine sog. ""Islamisierung"" nicht mehr verhindern l√§sst. Wer sich mal die demografischen Verh√§ltnisse (durchschn. 4 Kinder muslimischer Familien zu 1 Kind in deutschen) anschaut, wei√ü, dass dieser Schritt de facto mittlerweile unumkehrbar ist. Die Regierung wei√ü also, dass man ohne die Muslime in Deutschland mittelfristig keine Wahl mehr gewinnen kann. Deswegen schimpfen die auf Euch! Deswegen, und weil Ihr denen einen seehr unangenehmen Spiegel vorhaltet, der jahrelanges Versagen bei der Einwanderungspolitik offenbart. Macht weiter, es ist wichtig f√ºr die Demokratie! Aber an der Islamisierung √§ndert niemand mehr etwas...",
2014-12-04T12:38:50+0000,"Das problem habe ich nicht,kann jeder einladen,und diese best√§tigen anfrage dann auch.",
2014-12-23T14:10:09+0000,Danke sch√∂n...w√ºnsche ich euch auch...!!!,
2015-01-21T07:03:41+0000,You will  find  the  Video  from Pegida  Demo in You tube :),
2015-01-19T20:19:32+0000,"Es gibt Politiker bei den Gr√ºnen, die f√ºhren sich jahrelang als Schulmeister auf, als h√§tten wir alle die Kugel auf unserem Hals nur zu Nahrungsaufnahme. Dann lassen sich diese Vorbilder mit Hanfpflanzen fotografieren, danach Diffamieren Sie eine Minderheit von Demonstranten und anschlie√üend lese ich in der Zeitung ""Gr√ºnen-Chef f√ºr Entkriminalisierung von Cannabis"". Das ist mir zuviel Bunga Bunga, Soviel Sonnenk√∂nigsyndrom steht keinem zu.",
2015-01-10T17:09:36+0000,https://www.facebook.com/790669100971515/photos/p.846777172027374/846777172027374/?type=1&theater,
2015-01-13T14:01:12+0000,Das ist ein nsdap Spruch und daf√ºr m√∂chte pegida /saargida nicht stehen,
2015-01-26T07:52:41+0000,Was macht diese Person eigentlich in Deutschland? ABSCHIEBEN!,
2015-01-12T20:39:33+0000,Laut l√ºgenpresse waren es 9000,
2015-01-07T21:28:49+0000,"Ach Gott, was tut ihr mir leid....",
2015-01-07T19:35:07+0000,haha ihr seid so arm,
2015-01-25T09:52:20+0000,Schenke ein O f√ºrs A,
2014-12-30T01:43:04+0000,"Ich schlie√üe mich, trotz Urlaub, Herrn Yebuggi, Rainer an. Gute Nacht.",
